file,f0,duration,label,group,color,number,cutoff,f11,f21,f31,f12,f22,f32,f13,f23,f33,f14,f24,f34,f15,f25,f35,f16,f26,f36,f17,f27,f37,f18,f28,f38,f19,f29,f39
S03_selected_tokens_0001,168.3,0.1,EH,8,Black,1,6263,0.25693796604731833,1.2341326536834538,1.5855305405213427,0.31336318827146137,1.2105193987940055,1.5707467443371055,0.36795527505700143,1.180065432413178,1.5405068591473876,0.36203459464727317,1.1652816362289418,1.507058925079848,0.37031376671629435,1.158342723946669,1.532064893063878,0.3726667089783211,1.1464891368795742,1.5535789407147407,0.37031376671629435,1.1497358929784438,1.596303885381082,0.36203459464727317,1.1572709124828622,1.6272745417285979,0.26220113609159323,1.1464891368795742,1.6259331599043971
S03_selected_tokens_0002,170.2,0.07,EH,8,Black,2,6737,-0.43620921451262706,1.3018005829427945,1.5931880788097867,-0.3748088576483708,1.3091977502832384,1.5904102992458835,-0.28470054414820734,1.3124168838978525,1.60250652415057,-0.22314265114877418,1.299477701526655,1.600443249690958,-0.11607783171241426,1.2825917468351298,1.5976855781742971,-0.10654487105369093,1.2557444967989415,1.6110579701393526,-0.08961125852425145,1.2479395791295573,1.6079878670968322,-0.07663609966111817,1.2346290547857297,1.6038796791895393,-0.2824355375173555,1.2181162952948803,1.5855305405213427
S03_selected_tokens_0003,176.9,0.078,EH,8,Black,3,6263,0.39589655725744954,1.0557754231914087,1.348046357222482,0.41184222541287596,1.072839679562672,1.3595002269347418,0.4174760431311322,1.082131267896771,1.404047206743777,0.42307829867980207,1.0798164520483198,1.4284638966520644,0.4253104424637426,1.100459386901071,1.5265206171726478,0.4163518159188513,1.1377792287958126,1.5254080637480438,0.4050394780901234,1.1626185188094578,1.548515638758194,0.39244629506529716,1.1556610382419592,1.5980307032855743,0.37031376671629435,1.148113832606576,1.5983757093266018
S03_selected_tokens_0004,172,0.058,EH,8,Black,4,5947,-0.01937537879770268,1.1306461395661849,1.2557444967989415,0.17016642596973863,1.156734575650483,1.3586238026893342,0.271345549910591,1.1626185188094578,1.4414616425940343,0.3033380416520828,1.1700574479064558,1.5066809246973465,0.31336318827146137,1.1758637455594787,1.5265206171726478,0.3452677347902062,1.180065432413178,1.5586167347446978,0.3500870212261553,1.1847713234505912,1.5785178890619926,0.3220534974634379,1.1784918679657483,1.5990653645263508,0.2674367501455377,1.164217240173155,1.609353521115839
S03_selected_tokens_0005,176.8,0.09,EH,8,Black,5,6263,-0.12763865411349062,1.2311490612165663,1.5081920696770164,0.1365129209280962,1.1915298623038781,1.5149641045869613,0.3183383229115746,1.1826825498451994,1.4798593935027835,0.40844663641173806,1.139418125639022,1.4586655075928663,0.42307829867980207,1.111184863694608,1.4426715640967478,0.43308394079712276,1.1128678935449017,1.4534954821577584,0.42307829867980207,1.0838638701205525,1.4486993098942653,0.4174760431311322,1.0740058604528544,1.4677475048649598,0.39933495606048197,1.0569616629509149,1.445087024208351
S03_selected_tokens_0006,182.4,0.08,EH,8,Black,6,7211,-0.4283248109884781,1.3351141814521217,1.5703920715190591,-0.39485965469393136,1.304118081083157,1.5423326767077326,-0.30763732949130596,1.2797494900661999,1.5346417396949894,-0.24034737659840477,1.2625241837843202,1.5361112476743495,-0.19166051287842123,1.2251550372763562,1.5172112965438656,-0.19995931569311676,1.1873761699351846,1.5002329600094475,-0.21253809789997646,1.1572709124828622,1.481023763904079,-0.25564822155370504,1.1027269615688517,1.4829613735007872,-0.3263732405487758,1.0867448862302842,1.4470954603122905
S03_selected_tokens_0007,179.6,0.09,EH,8,Black,7,6421,0.41859900787575555,0.909702809161578,1.6605615167444352,0.4297598380132843,0.9514035383605215,1.6543836398367056,0.4352938864479263,0.993963152779318,1.623581403403044,0.43308394079712276,1.0102440383834557,1.603193337364381,0.4264246487071466,1.0274858448179618,1.5739331517065143,0.4253104424637426,1.0396219161001872,1.5668384075091906,0.42307829867980207,1.0450354631557408,1.551050494361382,0.40276157277712965,1.0414296900182416,1.4948914745891138,0.3536863052558017,1.0195176751687844,1.4771372452147986
S03_selected_tokens_0008,182.1,0.068,EH,8,Black,8,6105,0.06720112103786757,0.9388080785075443,1.6028499897215234,0.08772275675866403,1.0065103688314068,1.5973403339105534,0.08615903478248121,1.045635163323639,1.5586167347446978,0.11241536934903529,1.072839679562672,1.522807282047987,0.15128423824840898,1.111184863694608,1.5160883317992422,0.1542124980274968,1.1339446582248502,1.5168371150614828,0.1365129209280962,1.1328463604757877,1.5112075261647604,0.10168729710903701,1.1267840658002415,1.4960384829350923,0.06080109919239973,1.1156666639136654,1.4677475048649598
S03_selected_tokens_0009,181.3,0.1,EH,8,Black,9,6263,0.24632778693530266,1.1508158066903063,1.5190801066560642,0.31585384958391316,1.1470309954677438,1.5063027813765233,0.39244629506529716,1.1437754310079775,1.4968024249126586,0.4107116430425899,1.1443187616380248,1.4775265775148299,0.4061764878771985,1.1415991515853827,1.5524961035759084,0.40844663641173806,1.164217240173155,1.6110579701393526,0.3970440043139263,1.186335045426774,1.6484954972114831,0.3667739400111696,1.1636846169914552,1.6785510799435936,0.24766023216908106,1.1540485681263908,1.6788693992205133
S03_selected_tokens_0010,185.2,0.088,EH,8,Black,10,6737,-0.38228087248707165,1.2962165758785238,1.562557273606906,-0.28470054414820734,1.330164790021258,1.6038796791895393,-0.20622892870671183,1.3360114448591114,1.6141186764906337,-0.13542079455554568,1.3355629137908158,1.618523223675692,-0.15913732117286195,1.322012570959708,1.6229084558675542,-0.012442942022057757,1.3142517467979626,1.629617639034894,-0.012442942022057757,1.3128759153495668,1.6369461195352475,-0.08402984868605579,1.2920080122666455,1.6279445585040815,-0.34065919779625187,1.2610752581504894,1.626604075729631
S03_selected_tokens_0011,196.1,0.108,EH,8,Black,11,6263,0.40957978100890635,1.310118560661376,1.5632720699204006,0.3655912077621206,1.2484291752225687,1.522807282047987,0.3667739400111696,1.1711156490634043,1.5268911934229514,0.3714909298893092,1.1518945554464821,1.4798593935027835,0.37618577419351684,1.1784918679657483,1.5138386120652267,0.3655912077621206,1.1790166646190938,1.5081920696770164,0.3257549205666246,1.180065432413178,1.5265206171726478,0.2944828288223498,1.1842495389357524,1.560051455220358,0.20827971929777256,1.1842495389357524,1.6049083094876773
S03_selected_tokens_0012,193.8,0.078,EH,8,Black,12,6263,0.17303999116547075,1.3625616769532316,1.6222350551687068,0.177334915448351,1.3747146043046437,1.6151368337141738,0.16004341833829017,1.356868646468686,1.6076461619850164,0.1230295705908091,1.3444955323642622,1.6090122824160593,0.10322694329462934,1.334665247662314,1.6222350551687068,0.09550489720071909,1.3400391970037013,1.612419440737674,0.08302423597710984,1.345828569664528,1.6178468624730389,0.05435985308954283,1.3436058525902759,1.6222350551687068,-0.045808635865858705,1.3400391970037013,1.5506887652925068
S03_selected_tokens_0013,177.8,0.108,EH,8,Black,13,5947,-0.21253809789997646,1.1674070355412551,1.535744073078706,-0.09147867269904708,1.1721727316142694,1.5586167347446978,0.16584053602261584,1.1852928358483306,1.5331700690835337,0.3208166389260416,1.1805894041306946,1.5419677797870621,0.3584652868721525,1.1878963259937265,1.5647001315697349,0.3464747355402418,1.198757565425331,1.5879733963863112,0.3058537662493297,1.2095021047083083,1.609353521115839,0.24899090435478666,1.2296539201456165,1.623917707425047,0.13502371737662866,1.2336360060447378,1.6382728195640084
S03_selected_tokens_0014,177.9,0.088,EH,8,Black,14,6105,-0.2961031762460191,1.254772206980002,1.5390438010956276,-0.28924600651988186,1.2797494900661999,1.579221371328078,-0.2295597854694078,1.2929447804850325,1.5679058333355025,-0.21888732557863566,1.3073535819413058,1.5774617368779182,-0.22741616192615588,1.3096582614587726,1.5893666393842363,-0.2512526100806669,1.322012570959708,1.6326221480551926,-0.18753679569455972,1.3211026527895564,1.6498069728092943,-0.19372876594248112,1.3242837506777514,1.6615334915496138,-0.2801756495499177,1.3242837506777514,1.676957961875246
S03_selected_tokens_0015,182.4,0.078,EH,8,Black,15,5632,-0.014171550922675635,1.2231490185494902,1.4590620969298111,0.1830329365629888,1.198243029782387,1.487210945281336,0.29828752586601404,1.1868557431735036,1.4669610321543463,0.36795527505700143,1.158878199193735,1.4937431491040751,0.4004784667625607,1.1535104997787302,1.4964205268747914,0.4073122063411265,1.141054340893617,1.4645978959620631,0.4016206713413384,1.1267840658002415,1.4669610321543463,0.39589655725744954,1.1234618036082642,1.4841221397367494,0.3901394889673817,1.1251243143818774,1.4841221397367494
S03_selected_tokens_0016,182,0.058,EH,8,Black,16,5632,-0.4153207265652714,1.356868646468686,1.5550209020316421,-0.3748088576483708,1.3427153805813017,1.571810008658436,-0.29839938850636916,1.3440507914185282,1.5806268529368133,-0.1671694928701255,1.3351141814521217,1.5844817727272584,-0.05658073284776943,1.3238299272072895,1.579221371328078,0.03313456647426083,1.3142517467979626,1.5799243590547443,0.0767250025491224,1.305506006358005,1.5952663615114249,0.07830353484217234,1.2896622452984259,1.607304340070904,0.024849514940154194,1.2711739253638035,1.6076461619850164
S03_selected_tokens_0017,179.7,0.078,EH,8,Black,17,6105,0.19713754274453077,1.1529721417576528,1.5582577327663314,0.2957526702628259,1.151355326530747,1.521690587347912,0.35727268088702946,1.1508158066903063,1.5664823455506482,0.38550985106863944,1.1355898464215386,1.5858798855030614,0.3970440043139263,1.1684680435983497,1.5499649143741845,0.3970440043139263,1.1936002564181862,1.5309584942786936,0.38782734920900186,1.1873761699351846,1.560409813941269,0.35607865089442203,1.1758637455594787,1.5703920715190591,0.25693796604731833,1.1852928358483306,1.609353521115839
S03_selected_tokens_0018,182.4,0.058,EH,8,Black,18,6737,-0.30763732949130596,1.2778501542625476,1.623581403403044,-0.28924600651988186,1.2668584067985806,1.6339545932889727,-0.2667225318527988,1.2697374874821472,1.6306201453845208,-0.23818052851331473,1.286840042108203,1.63661416932473,-0.24906202870084826,1.2873109627667763,1.6442212838985455,-0.2938122244994634,1.2673388295798604,1.6569895045034873,-0.3551522050988192,1.2425381419853316,1.6579649557269889,-0.41790805013022236,1.2306509292012846,1.6556874209861903,-0.4821012077692819,1.2281565402801125,1.65209792455585
S03_selected_tokens_0019,182.1,0.098,EH,8,Black,19,5947,-0.008994662743142534,1.1066828864791542,1.4708872248696272,0.11241536934903529,1.138325826240413,1.5397755976888412,0.276533628992369,1.1497358929784438,1.5145890811436002,0.3379949754611262,1.1454045380747697,1.4841221397367494,0.34163796673962743,1.1524334937510927,1.4786936657624565,0.3428493539259243,1.1727008541509703,1.4990907554306707,0.3121155274733063,1.180065432413178,1.479470968561019,0.23290476660316184,1.1599482902535794,1.5632720699204006,0.07514397455180433,1.1658134097059767,1.612759518958942
S03_selected_tokens_0020,184.9,0.078,EH,8,Black,20,5474,-0.38478400270518964,1.2013262799125073,1.5339061751160354,-0.3334907083176395,1.2206358229567638,1.551050494361382,-0.2824355375173555,1.2415529202307614,1.582380931618447,-0.22101272489094903,1.2605918160332665,1.6000989563496333,-0.16515539349842445,1.2721304055897598,1.6147975631426412,-0.11607783171241426,1.2754709002255797,1.6362821088866806,-0.10844420685734324,1.2706953419615123,1.6468537303019168,-0.17120990240713052,1.2687787146378486,1.6550357428920943,-0.30070088549464824,1.2668584067985806,1.6566641425354316
S03_selected_tokens_0021,182.9,0.118,IY,13,Pink,21,5789,-0.4793425853302029,1.337803560034093,1.5097009345426864,-0.4683835715404827,1.3879995650638595,1.5309584942786936,-0.4793425853302029,1.4119754769395705,1.544155166732863,-0.4656624814261221,1.376869313175356,1.5246656732165453,-0.4388512239754654,1.3440507914185282,1.49832856027182,-0.3193060733256825,1.244014157013452,1.4895213044145201,-0.14720875030758762,1.1399638282446514,1.4848952360257375,-0.026356209939042863,1.0145824399820533,1.4933600807216854,0.019845334355578004,0.8986529729749932,1.490290239477397
S03_selected_tokens_0022,182.1,0.078,IY,13,Pink,22,5632,-0.2689521871800684,1.1524334937510927,1.4875963760049355,-0.11799537784168646,1.138325826240413,1.4783047876708357,-0.024606428215255605,1.1179000540100796,1.4606468833153832,-0.012442942022057757,1.111184863694608,1.4704952985467576,-0.014171550922675635,1.1027269615688517,1.481023763904079,-0.012442942022057757,1.0347851472995728,1.5074367826320483,0.04624950855208887,0.9793365009203789,1.5078144974618457,0.11088981604019832,0.9579695501314127,1.5115838196781377,0.1365129209280962,0.9192722601777286,1.5205726442465703
S03_selected_tokens_0023,185.2,0.178,IY,13,Pink,23,7368,-0.5273066445373287,1.5006134051348274,1.571810008658436,-0.49321243319435304,1.4933600807216854,1.574993035218557,-0.4821012077692819,1.5025134627081727,1.593534759347147,-0.4765915519583128,1.5002329600094475,1.510454514080986,-0.4711120861936875,1.3990072968736884,1.5123359821806917,-0.4575433569876184,1.330164790021258,1.5036517667582334,-0.43620921451262706,1.2079742205302546,1.4434773659131128,-0.34787944576973917,1.07108785429714,1.5639863556650555,-0.34787944576973917,0.8400228885235883,1.596303885381082
S03_selected_tokens_0024,182.8,0.118,IY,13,Pink,24,6263,-0.20622892870671183,1.1858140764126466,1.567194342732738,-0.11991660801958037,1.1732286979214734,1.5607680442872098,-0.08402984868605579,1.1721727316142694,1.5496027923351008,-0.05658073284776943,1.1497358929784438,1.5732259380985374,-0.007274971863615143,1.1179000540100796,1.5488781546222326,0.06080109919239973,1.0628718456391733,1.523179236673811,0.1245367298813802,1.0133448160617036,1.5302202144371124,0.16149585141860534,0.9709736345546194,1.5575393419308377,0.1245367298813802,0.8740471621727925,1.5618419659941463
S03_selected_tokens_0025,188.8,0.15,IY,13,Pink,25,6105,-0.40759868047136116,1.4968024249126586,1.7012149395208045,-0.43620921451262706,1.4841221397367494,1.6689540773025833,-0.43620921451262706,1.4933600807216854,1.6435620880935282,-0.4283248109884781,1.4887517776354917,1.60867092723268,-0.4283248109884781,1.3985861555745602,1.5851810734550567,-0.42310286700732647,1.316540601081715,1.557179952888335,-0.41274007997177975,1.180065432413178,1.5036517667582334,-0.3502978266340202,1.0280961591487765,1.5006134051348274,-0.33826398707029703,0.8604317601547953,1.488366792067695
S03_selected_tokens_0026,187.2,0.108,IY,13,Pink,26,6895,-0.5016276301196374,1.3133347361880814,1.5774617368779182,-0.24906202870084826,1.2663777531003104,1.5890185105730614,-0.10464913588879199,1.2341326536834538,1.5872760462883164,-0.045808635865858705,1.1784918679657483,1.5412375862533407,-0.03869116809699413,1.1128678935449017,1.5339061751160354,-0.07112644385014821,1.0201328705127022,1.5287420175678017,-0.05297712534447108,0.9964852222120273,1.5593343522853615,-0.06929661717307223,0.901426899857718,1.5924943569644139,-0.09334958063485832,0.8589877165825612,1.5997545444295769
S03_selected_tokens_0027,179.6,0.128,IY,13,Pink,27,5789,-0.5072773626617568,1.2523373384773269,1.4438800234583162,-0.3502978266340202,1.430097883943719,1.5298508700192475,-0.3430601593337901,1.434577630796002,1.5423326767077326,-0.3146222240132568,1.4426715640967478,1.582380931618447,-0.14720875030758762,1.3467162750046686,1.4574747950092393,0.0029815283035734552,1.2484291752225687,1.427236651662687,0.13502371737662866,1.136685136782953,1.4078105396402867,0.21518105793846587,1.004638293401661,1.4276459006964322,0.2516469484129029,0.888883181379188,1.4402502554077374
S03_selected_tokens_0028,174.5,0.088,IY,13,Pink,28,6105,-0.008994662743142534,1.1529721417576528,1.5063027813765233,0.1245367298813802,1.1631517099711166,1.5316962294652328,0.23290476660316184,1.156734575650483,1.521690587347912,0.29066360075535425,1.1015938169716835,1.473235562543735,0.33677768985737444,1.0786570316285848,1.5183330016530654,0.36203459464727317,1.0581464972127463,1.5164627935149078,0.3750141278966259,0.993963152779318,1.5179592397350534,0.37618577419351684,0.9514035383605215,1.5517735601918723,0.3901394889673817,0.9069517757896879,1.5816796693176185
S03_selected_tokens_0029,193.7,0.148,IY,13,Pink,29,6421,-0.5158122651115944,1.5239227311318526,1.7005922744944613,-0.4283248109884781,1.5078144974618457,1.6867946269435858,-0.44415627620515874,1.5055460654872173,1.6556874209861903,-0.4335741668746218,1.4630193636690132,1.6339545932889727,-0.41274007997177975,1.4239566159216368,1.5900625336363978,-0.3973945102971195,1.3444955323642622,1.5742865710422302,-0.3527220702455267,1.226156539613445,1.5696823482813196,-0.3334907083176395,1.0201328705127022,1.5235510530008316,-0.34065919779625187,0.778523436437486,1.522807282047987
S03_selected_tokens_0030,190.6,0.12,IY,13,Pink,30,5947,0.29828752586601404,1.2336360060447378,1.5872760462883164,0.036429462371113885,1.1842495389357524,1.582380931618447,0.17876246743953672,1.1647495798184115,1.5806268529368133,0.15567341866717221,1.1355898464215386,1.5532181252679251,0.20133042100456677,1.13613764155986,1.565769841067353,0.22340028229159792,1.1139883418413907,1.498709730468926,0.24766023216908106,1.0152006780233833,1.5032724760273446,0.24499356392216587,0.952720194245269,1.498709730468926,0.24766023216908106,0.8625939231592907,1.5938813197387631
S03_selected_tokens_0031,189.5,0.128,IY,13,Pink,31,7526,-0.45216699995123744,1.0341789029645456,1.5201997186409058,-0.4575433569876184,1.2721304055897598,1.5063027813765233,-0.4548515653219072,1.4422684195639741,1.4677475048649598,-0.44415627620515874,1.4410580098943058,1.5119599716479666,-0.4257104304144077,1.4292812240371635,1.4649921400042283,-0.3999358077257922,1.2528247866956068,1.4708872248696272,-0.3454668993643555,1.1594133878605097,1.473626416564735,-0.26449783683068784,0.993963152779318,1.4891366150464371,-0.1732362455523635,0.8385490489052874,1.5430620713425496
S03_selected_tokens_0032,187.6,0.058,IY,13,Pink,32,7211,-0.30763732949130596,0.8480904056933953,1.530589422490042,-0.2938122244994634,0.9055734158195667,1.5276319341975624,-0.2667225318527988,0.9381407444821113,1.5375785993682998,-0.24034737659840477,0.9474431371444245,1.548515638758194,-0.21888732557863566,0.9441307790314424,1.5445192665002203,-0.19372876594248112,0.956004269446459,1.5372119632505354,-0.18753679569455972,0.9294246316417469,1.5339061751160354,-0.18343001374190582,0.9062628332891345,1.5459743413295213,-0.17120990240713052,0.8804324268614643,1.5550209020316421
S03_selected_tokens_0033,182.5,0.13,IY,13,Pink,33,7211,-0.4793425853302029,0.9990009468092751,1.8107683334386682,-0.49042303110677476,1.2528247866956068,1.8149437048491475,-0.4988146887430229,1.345828569664528,1.7987013987477258,-0.48486746126217284,1.4317292056758033,1.7375825836916796,-0.3146222240132568,1.4132215830198183,1.8306529985543278,-0.3146222240132568,1.3790193892562748,1.8160541991331751,-0.20622892870671183,1.2673388295798604,1.818271494941822,-0.1631453425704006,1.1021605497723437,1.8292848221198064,-0.13542079455554568,0.9514035383605215,1.6452092635606643
S03_selected_tokens_0034,175.3,0.038,IY,13,Pink,34,5789,-0.21465003110312075,0.7956045970755463,1.5006134051348274,-0.18138293012018103,0.8488205992271176,1.5025134627081727,-0.1511691515236846,0.9361360662297331,1.4998523700904869,-0.15514529990332449,0.9729097435814857,1.4968024249126586,-0.14326397201657137,0.9876300093822952,1.5013738614452397,-0.13346957442428398,0.9869944834632243,1.4945088459255595,-0.12377017733557061,0.9933316402859589,1.48566773509853,-0.10654487105369093,0.9933316402859589,1.4922099943384488,-0.09710193025340885,0.976770752238945,1.5025134627081727
S03_selected_tokens_0035,187.2,0.128,IY,13,Pink,35,5789,-0.4548515653219072,1.4370126969343033,1.6602373150881675,-0.4711120861936875,1.4410580098943058,1.6425724789083613,-0.4629487755545263,1.4394418479263624,1.6252617936489013,-0.44681939362464274,1.3905505868554648,1.5830817024950576,-0.4283248109884781,1.3498170526829165,1.5257790524371444,-0.3287401055590413,1.2581710934761983,1.5313274299036124,-0.19787814948929228,1.1355898464215386,1.5506887652925068,-0.08402984868605579,0.9644927304705355,1.5168371150614828,-0.005558233244561173,0.8902847233044762,1.5175853380668354
S03_selected_tokens_0036,184.6,0.098,IY,13,Pink,36,5947,-0.3193060733256825,1.244014157013452,1.5907579439564943,-0.25564822155370504,1.2246539097289109,1.6052509512590616,-0.1732362455523635,1.2110276580171453,1.6222350551687068,-0.09147867269904708,1.1737562632199134,1.5834319038644216,-0.049386457213742574,1.1322967589230686,1.5675501513114787,-0.026356209939042863,1.0907644150414741,1.5434265692507223,-0.0021335723631965564,1.0390185978315092,1.544155166732863,0.0767250025491224,1.0077564749116537,1.5543001812797232,0.15128423824840898,0.9487650144023405,1.5732259380985374
S03_selected_tokens_0037,186.3,0.158,IY,13,Pink,37,6105,-0.5776876688296815,1.3837333469891258,1.6299519194993142,-0.4683835715404827,1.4430745461694992,1.6429024574627498,-0.48486746126217284,1.4649921400042283,1.6566641425354316,-0.4988146887430229,1.465780162109625,1.6405903177043708,-0.49042303110677476,1.4394418479263624,1.593534759347147,-0.4548515653219072,1.3515846183220814,1.5535789407147407,-0.3624782451908919,1.2231490185494902,1.5201997186409058,-0.2824355375173555,1.1083735039570621,1.5514120926296497,-0.24469520953450807,0.9000408982498413,1.5539396260207248
S03_selected_tokens_0038,178.7,0.13,IY,13,Pink,38,6105,-0.37729333097603224,1.2697374874821472,1.606620345516193,-0.33587449967291594,1.2610752581504894,1.588670260526011,-0.2534480006441031,1.263006692840726,1.5764044680569649,-0.15514529990332449,1.2658968682629599,1.5732259380985374,-0.09898339835311454,1.208483774681408,1.579221371328078,-0.0747961727391111,1.1464891368795742,1.561484120221854,-0.07112644385014821,1.106118711569973,1.618523223675692,-0.0747961727391111,1.0040134886328191,1.653404687237721,-0.062010610442138514,0.8832572874970195,1.662827990112259
S03_selected_tokens_0039,191.5,0.12,IY,13,Pink,39,7211,-0.4153207265652714,1.1977282292562172,1.6750428639391455,-0.41790805013022236,1.3901258682251685,1.7018372170766671,-0.40759868047136116,1.4740171178785548,1.5239227311318526,-0.3973945102971195,1.4103115830448756,1.5194534499495553,-0.3698583524885146,1.3747146043046437,1.4786936657624565,-0.3430601593337901,1.1289927911597974,1.5175853380668354,-0.2425189301119124,1.0652261728008083,1.5405068591473876,-0.14326397201657137,0.9696808095523135,1.5514120926296497,-0.05297712534447108,0.8589877165825612,1.6059358827926875
S03_selected_tokens_0040,182.5,0.068,IY,13,Pink,40,5947,-0.1671694928701255,0.9117611289277319,1.508946786693972,-0.15315524949531412,1.0090010301438586,1.5235510530008316,-0.12184153642916495,1.0287061012231904,1.532064893063878,-0.08402984868605579,1.0280961591487765,1.532064893063878,-0.04224356970136256,1.0195176751687844,1.5298508700192475,0.004680764056533171,1.0182861479195378,1.5372119632505354,0.03313456647426083,1.0090010301438586,1.5434265692507223,0.06400623014134776,0.962540240426244,1.561484120221854,0.09860087490584757,0.8761801171229342,1.5904102992458835
S03_selected_tokens_0041,188.5,0.208,OW,14,Maroon,41,5158,-0.03869116809699413,1.13613764155986,1.4438800234583162,-0.062010610442138514,1.1443187616380248,1.4638089412860307,-0.05658073284776943,1.120128467188506,1.4446848524756026,-0.062010610442138514,1.0850172727859064,1.454690939562532,-0.09334958063485832,1.0510163422281558,1.4712789976464302,-0.14523441600386988,1.031750243604419,1.438228010026969,-0.2425189301119124,1.0145824399820533,1.4243672092347346,-0.3099602109074455,1.0652261728008083,1.4227238234910047,-0.31696140636642856,1.1610172374424836,1.4366072641292362
S03_selected_tokens_0042,180.9,0.178,OW,14,Maroon,42,5474,-0.021116023275486562,0.6789756296372698,1.4333578705309264,-0.05838741807271841,0.6383698747113264,1.4530966785632398,-0.10275698773675401,0.6081892575613352,1.4665675637251105,-0.09898339835311454,0.6026026508526954,1.48566773509853,-0.12184153642916495,0.5856530925389221,1.491442534592414,-0.13737582939134896,0.5713056441307804,1.5138386120652267,-0.21465003110312075,0.5616250264200566,1.5209454308305705,-0.28470054414820734,0.5828000235565156,1.497947244728592,-0.33826398707029703,0.7816508823016806,1.459458529046004
S03_selected_tokens_0043,181.5,0.24,OW,14,Maroon,43,5632,-0.03691968844861204,1.0414296900182416,1.4462925698637,0.10936193186214549,1.0450354631557408,1.4317292056758033,0.1230295705908091,1.0244286733754118,1.4280549823139195,-0.0038444367668262203,1.0058867330144992,1.4366072641292362,-0.026356209939042863,1.0077564749116537,1.448298588590566,-0.05118017966776911,0.9709736345546194,1.448298588590566,-0.24469520953450807,0.921310996867577,1.4313216246634362,-0.3502978266340202,0.9274023862609786,1.4255979786208668,-0.3999358077257922,1.0287061012231904,1.4321366206335675
S03_selected_tokens_0044,185,0.26,OW,14,Maroon,44,6737,-0.12763865411349062,0.7179966955000996,1.4065576683133196,-0.04402451407235741,0.6081892575613352,1.3520260219928986,-0.05477730584861895,0.5941637822068309,1.414880646029978,-0.0858868594332689,0.5866023095062545,1.4402502554077374,-0.11607783171241426,0.48166337901487477,1.427236651662687,-0.20413468710359695,0.4689378626433687,1.4566801982252775,-0.3624782451908919,0.466801109693634,1.4744076666044723,-0.4153207265652714,0.4952690310706531,1.454690939562532,-0.4388512239754654,0.6772440274729918,1.4144661382520223
S03_selected_tokens_0045,185.4,0.2,OW,14,Maroon,45,5474,-0.06019737331795838,1.051612467432098,1.4251878904461632,-0.0858868594332689,1.0480303740495938,1.418603504517984,-0.11607783171241426,1.0408274617555353,1.4470954603122905,-0.16113932384353458,1.0329653105825871,1.428872643847618,-0.23818052851331473,1.03781086821611,1.4313216246634362,-0.30763732949130596,1.035391024325075,1.4053032253305027,-0.3624782451908919,1.013963819485987,1.4140514585861172,-0.41274007997177975,1.0293156714950378,1.4210777325843358,-0.4575433569876184,1.1089364085595976,1.4103115830448756
S03_selected_tokens_0046,180.1,0.208,OW,14,Maroon,46,5789,-0.008994662743142534,0.5884980446711534,1.4922099943384488,-0.007274971863615143,0.5751518027182589,1.5209454308305705,-0.09147867269904708,0.5370053683668825,1.4910585837334063,-0.17120990240713052,0.4571288150511261,1.49832856027182,-0.28470054414820734,0.43639703052008283,1.5302202144371124,-0.43620921451262706,0.4352938864479263,1.5423326767077326,-0.4711120861936875,0.49838268174393274,1.540872289445626,-0.5101142439969566,0.6927215505419042,1.490290239477397,-0.5868480382283456,0.8451642880240069,1.4790823926866912
S03_selected_tokens_0047,183,0.248,OW,14,Maroon,47,5474,-0.06929661717307223,0.9703274309780126,1.4922099943384488,-0.012442942022057757,0.9964852222120273,1.4775265775148299,-0.05297712534447108,1.0195176751687844,1.4518993126249358,-0.04224356970136256,1.0347851472995728,1.4875963760049355,-0.13737582939134896,1.0402248705953907,1.450700511282566,-0.19580130554445319,1.0450354631557408,1.4478977066449286,-0.26449783683068784,1.0581464972127463,1.455089107993036,-0.27118682498148416,1.0652261728008083,1.4296896373571144,-0.4257104304144077,1.1284410670078708,1.4284638966520644
S03_selected_tokens_0048,174.4,0.218,OW,14,Maroon,48,5632,0.18869867409866625,0.6781102033608404,1.4895213044145201,0.21792831241360489,0.682429864505357,1.5335381898312948,0.20272414945317063,0.6781102033608404,1.5287420175678017,0.16728457959484988,0.6535690944447232,1.5036517667582334,0.09550489720071909,0.5922787675110595,1.4910585837334063,-0.10464913588879199,0.5875506263151138,1.4937431491040751,-0.14720875030758762,0.5960452503065365,1.4895213044145201,-0.18138293012018103,0.6464452887168717,1.4744076666044723,-0.22314265114877418,0.8458966205356822,1.4462925698637
S03_selected_tokens_0049,189.5,0.248,OW,14,Maroon,49,5632,0.28554850008858423,1.0299248704173198,1.4422684195639741,0.16149585141860534,1.0341789029645456,1.4313216246634362,0.0767250025491224,1.0372064559885832,1.418603504517984,0.023184235621092952,1.0256526637363006,1.394364958930935,-0.012442942022057757,0.9729097435814857,1.3977433405225623,-0.20204482218413844,0.966441415725062,1.4107278161414154,-0.37978399228848403,0.9553483166515386,1.3922476598126217,-0.42310286700732647,0.9696808095523135,1.4169506115796846,-0.4335741668746218,1.080395658551625,1.41653696110843
S03_selected_tokens_0050,185.9,0.238,OW,14,Maroon,50,5316,0.2342552057010332,0.6464452887168717,1.4964205268747914,0.09395330650930056,0.6192697033379071,1.461833827074912,0.07830353484217234,0.5399919310646313,1.4975657837283531,-0.0021335723631965564,0.48376864295033695,1.4499005112398988,-0.07847941815540693,0.4689378626433687,1.4357959050583569,-0.28924600651988186,0.4657310186337895,1.4223125547210698,-0.3216562506706362,0.49838268174393274,1.4645978959620631,-0.37729333097603224,0.6927215505419042,1.4821867801235609,-0.3748088576483708,0.9354669460977094,1.472453395902372
S03_selected_tokens_0051,188,0.16,OW,14,Maroon,51,6737,-0.026356209939042863,0.9000408982498413,1.1599482902535794,-0.03869116809699413,0.9000408982498413,1.230152548926828,-0.03869116809699413,0.8740471621727925,1.2811716282532668,-0.07295962493180941,0.9055734158195667,1.3179114032154935,-0.16113932384353458,0.8916843036588995,1.3188242284728524,-0.30070088549464824,0.8063244547077426,1.3355629137908158,-0.3600302635522512,0.7706617607260853,1.3382510874526155,-0.3973945102971195,0.667666244199757,1.3529082452525891,-0.41274007997177975,0.5449497994254182,1.3807361278753296
S03_selected_tokens_0052,173.7,0.158,OW,14,Maroon,52,5158,0.2556178338423951,0.667666244199757,1.2985470360337024,0.20133042100456677,0.6165110808988272,1.3507012260384839,0.2138045952297425,0.5828000235565156,1.3879995650638595,0.15274943997573676,0.5577263860043997,1.405721547863271,0.09084288409490782,0.5340098593870835,1.3977433405225623,-0.05658073284776943,0.4341895241048723,1.3888506289450158,-0.17934002849038144,0.43859967458242544,1.3828779149438049,-0.21465003110312075,0.4396991799158423,1.3625616769532316,-0.4153207265652714,0.4174760431311322,1.2678190216659182
S03_selected_tokens_0053,180.3,0.218,OW,14,Maroon,53,5789,-0.23601836550881927,1.162085043203314,1.4956562929820363,-0.19995931569311676,1.1300953271038976,1.4366072641292362,-0.19580130554445319,1.1251243143818774,1.4136366068896473,-0.21888732557863566,1.1262311213570682,1.4065576683133196,-0.33111258591267223,1.0981866586500688,1.4284638966520644,-0.4257104304144077,1.0492258314543674,1.3947878813309798,-0.40759868047136116,1.0384149153501516,1.4190163012214727,-0.44681939362464274,1.083286669527327,1.4123910181880186,-0.48486746126217284,1.2206358229567638,1.4260078986921938
S03_selected_tokens_0054,180.1,0.218,OW,14,Maroon,54,5789,-0.11034715700342979,0.8916843036588995,1.4526977158609604,-0.08032614074857225,0.8176839104413256,1.418603504517984,-0.16515539349842445,0.7361340434772181,1.418603504517984,-0.20413468710359695,0.7171644024849302,1.459458529046004,-0.1752667031027455,0.6553421445546084,1.4462925698637,-0.19787814948929228,0.634759762487227,1.445087024208351,-0.2869706926827469,0.639270370044577,1.4337646226211396,-0.40248357980459115,0.7800883819837896,1.4152949820624237,-0.5044485064612791,0.9857222186605679,1.3078149429644839
S03_selected_tokens_0055,183.4,0.208,OW,14,Maroon,55,5789,0.05435985308954283,1.1156666639136654,1.473235562543735,0.20827971929777256,1.0528036528022513,1.4190163012214727,0.25429595658448,1.0390185978315092,1.3901258682251685,0.2503198082048401,1.0164360086313762,1.38330572243696,0.10168729710903701,0.9748421113325394,1.377729898426403,-0.010717316054588366,0.9341273611686525,1.3862952612853263,-0.04402451407235741,0.9294246316417469,1.4048847277307566,-0.1571393185101888,0.9300978056826512,1.3841607887566933,-0.25564822155370504,0.9631914941125643,1.374283104837323
S03_selected_tokens_0056,179.5,0.208,OW,14,Maroon,56,5789,0.15274943997573676,0.9131309921556463,1.436201666881737,0.3655912077621206,0.8040369966001437,1.4313216246634362,0.3245226345203598,0.7104810025028625,1.4562826629387864,0.3245226345203598,0.6500135351433896,1.473626416564735,0.1468757079636429,0.5903901928231914,1.4825741518115345,0.03313456647426083,0.5818471888012438,1.4825741518115345,-0.062010610442138514,0.49838268174393274,1.486825365943611,-0.16918765702636307,0.5168637005521131,1.4534954821577584,-0.33587449967291594,0.6544560124629513,1.391399483341078
S03_selected_tokens_0057,192,0.15,OW,14,Maroon,57,5789,0.20272414945317063,1.0652261728008083,1.5175853380668354,0.19713754274453077,1.01148550347152,1.491442534592414,0.11849441542541772,0.9977438756192241,1.4802476676291905,0.03478337146444499,1.0256526637363006,1.498709730468926,-0.031624000873901714,1.0021367286199592,1.4948914745891138,-0.12184153642916495,0.9901680818107659,1.4755783984455073,-0.2938122244994634,0.9818956833792001,1.450700511282566,-0.3430601593337901,1.0244286733754118,1.4406542142094336,-0.38228087248707165,1.1032930527246432,1.4530966785632398
S03_selected_tokens_0058,193.9,0.128,OW,14,Maroon,58,6895,0.06560495150504497,0.525977687689819,1.5025134627081727,0.019845334355578004,0.47213445566899637,1.5175853380668354,-0.06929661717307223,0.47213445566899637,1.5459743413295213,-0.13933469387668218,0.48166337901487477,1.5918001535349386,-0.2756711374288132,0.48060908265996805,1.6171700434962721,-0.3624782451908919,0.4731977199903259,1.612759518958942,-0.40248357980459115,0.5025191922957131,1.5379451011132854,-0.4101660759766075,0.5469260846536299,1.5781659622591349,-0.4283248109884781,0.7071224770957283,1.5261499035446766
S03_selected_tokens_0059,183.2,0.148,OW,14,Maroon,59,5316,-0.23601836550881927,1.1540485681263908,1.4626243409500708,-0.11799537784168646,1.1151075361384057,1.4078105396402867,-0.08961125852425145,1.0408274617555353,1.3738514190978321,-0.09334958063485832,0.9977438756192241,1.3595002269347418,-0.11225373527401139,0.9434669887647855,1.3884251875431515,-0.15315524949531412,0.9110754929735503,1.3879995650638595,-0.16113932384353458,0.8510079861729176,1.390975125176424,-0.28924600651988186,0.7611454319708306,1.4280549823139195,-0.49321243319435304,0.6284105348085678,1.427236651662687
S03_selected_tokens_0060,180.3,0.14,OW,14,Maroon,60,6421,-0.05118017966776911,0.837073033877167,1.4069754665228649,-0.06929661717307223,0.7336800545156512,1.3994282608874826,-0.10086841304888594,0.6383698747113264,1.3930951174904598,-0.15315524949531412,0.5856530925389221,1.4214895094071194,-0.20832756536363295,0.5606517903335044,1.4418651124401372,-0.32401196436309565,0.490057971857901,1.4181905373430048,-0.42050208530726874,0.4603633192187848,1.4353899785254844,-0.5807318112109092,0.4429904609999147,1.4374179654302255,-0.856292523130346,0.5035506519023754,1.436201666881737
S03_selected_tokens_0061,215.6,0.208,UW,17,Cyan,61,6895,-0.5477453122146034,0.5903901928231914,1.4554871179485387,-0.45216699995123744,0.5884980446711534,1.454690939562532,-0.4388512239754654,0.5828000235565156,1.426417650797907,-0.4415002321470425,0.5547923985696119,1.4173640910149743,-0.4575433569876184,0.5320078567164108,1.5224351890204382,-0.4548515653219072,0.5488984718808343,1.5164627935149078,-0.44681939362464274,0.5616250264200566,1.5213180784965195,-0.4257104304144077,0.634759762487227,1.5488781546222326,-0.38478400270518964,0.8986529729749932,1.5532181252679251
S03_selected_tokens_0062,209,0.18,UW,17,Cyan,62,5789,-0.7569743219284817,1.4386327863935566,1.6634746115379588,-0.48764138814489755,1.4422684195639741,1.5918001535349386,-0.44681939362464274,1.448298588590566,1.557179952888335,-0.4656624814261221,1.4268272350755966,1.544155166732863,-0.44948962218052113,1.4119754769395705,1.487981658228927,-0.4388512239754654,1.3973216664703525,1.484508762590976,-0.4415002321470425,1.3798781269646927,1.4922099943384488,-0.41274007997177975,1.3559899117899974,1.5123359821806917,-0.3898091389078626,1.346272520837191,1.5153389874404608
S03_selected_tokens_0063,189.7,0.18,UW,17,Cyan,63,5632,-0.26449783683068784,0.8625939231592907,1.4704952985467576,-0.24469520953450807,0.8048000641686466,1.4495002710904696,-0.246876235480868,0.7442707848702801,1.4321366206335675,-0.3575882598966995,0.6746409891268295,1.444282518935676,-0.3698583524885146,0.6729018582537023,1.4499005112398988,-0.3999358077257922,0.6867309464047473,1.4402502554077374,-0.40759868047136116,0.7104810025028625,1.4522985939239117,-0.42050208530726874,0.8495502599672609,1.4570775755402625,-0.45216699995123744,1.012725429234841,1.4422684195639741
S03_selected_tokens_0064,167.6,0.028,UW,17,Cyan,64,6421,-0.8092250122723597,0.3208166389260416,1.4875963760049355,-0.7977963164487374,0.5479127645560755,1.486825365943611,-0.7716265987153523,0.7188282963796251,1.4910585837334063,-0.7753234605966783,0.7491212390040296,1.49832856027182,-0.7977963164487374,0.7361340434772181,1.5025134627081727,-0.816917357895516,0.7690819815665675,1.5032724760273446,-0.820785834673436,0.8002129001617408,1.5017538728501547,-0.816917357895516,0.8063244547077426,1.4971841771600891,-0.8092250122723597,0.84075899455609,1.4852815601564844
S03_selected_tokens_0065,186.8,0.16,UW,17,Cyan,65,5947,-0.5596148877699871,1.1946338482414687,1.4626243409500708,-0.5101142439969566,1.0998916889011525,1.4422684195639741,-0.49600963781541463,0.9850854787473002,1.4214895094071194,-0.46024241395678356,0.9007341391788177,1.4486993098942653,-0.42050208530726874,0.8184366391181923,1.472453395902372,-0.4257104304144077,0.7698721831090678,1.4251878904461632,-0.4415002321470425,0.7238034310197392,1.420665786131548,-0.4388512239754654,0.8048000641686466,1.4374179654302255,-0.44948962218052113,0.9165474628515433,1.4490998706847202
S03_selected_tokens_0066,178.8,0.18,UW,17,Cyan,66,5158,-0.4738480660125619,1.4002696576556737,1.6641208151145648,-0.4629487755545263,1.4132215830198183,1.610717312667143,-0.4711120861936875,1.4107278161414154,1.5639863556650555,-0.4821012077692819,1.3703912080329372,1.5419677797870621,-0.46024241395678356,1.3422698470475334,1.5276319341975624,-0.44681939362464274,1.3027282267941027,1.5153389874404608,-0.37729333097603224,1.310118560661376,1.4952739569039695,-0.33111258591267223,1.2985470360337024,1.4740171178785548,-0.3575882598966995,1.2658968682629599,1.5115838196781377
S03_selected_tokens_0067,196.5,0.11,UW,17,Cyan,67,5000,-0.40248357980459115,0.9818956833792001,1.275947204116461,-0.40248357980459115,0.9876300093822952,1.310118560661376,-0.3999358077257922,0.9926997287325454,1.3297136282721214,-0.3898091389078626,0.9996288903149955,1.340485725254032,-0.38228087248707165,1.0033882932389009,1.3449400756034127,-0.3723305416339029,1.01148550347152,1.345828569664528,-0.3723305416339029,1.0293156714950378,1.330164790021258,-0.37978399228848403,1.0581464972127463,1.2901318391084171,-0.7790340399932143,1.01148550347152,1.3215577153685132
S03_selected_tokens_0068,196.7,0.15,UW,17,Cyan,68,5474,-0.5016276301196374,1.01890210112657,1.2385914175726924,-0.4575433569876184,1.07108785429714,1.2915392988762973,-0.41274007997177975,1.111746188435701,1.339592469276817,-0.3923312083405728,1.1223519255809027,1.3738514190978321,-0.3748088576483708,1.1311966488011178,1.391399483341078,-0.3723305416339029,1.1295442110800282,1.3858687311018496,-0.3723305416339029,1.1529721417576528,1.394364958930935,-0.3723305416339029,1.1842495389357524,1.3973216664703525,-0.3872934143106157,1.2425381419853316,1.403628183062808
S03_selected_tokens_0069,187.2,0.138,UW,17,Cyan,69,5632,-0.44681939362464274,1.0274858448179618,1.2615584666643613,-0.4257104304144077,1.0347851472995728,1.3137933466065759,-0.4257104304144077,1.0207476876239845,1.3422698470475334,-0.4283248109884781,0.9825344569556949,1.368656602220729,-0.4283248109884781,0.9540351188265781,1.3888506289450158,-0.4335741668746218,0.9474431371444245,1.4123910181880186,-0.4335741668746218,0.9447941289728483,1.3985861555745602,-0.44415627620515874,0.9546919333001087,1.4015304268918092,-0.4711120861936875,1.0201328705127022,1.3994282608874826
S03_selected_tokens_0070,188.7,0.168,UW,17,Cyan,70,5632,-0.4793425853302029,1.235621118359158,1.3621249003575135,-0.4575433569876184,1.3142517467979626,1.3939418575918543,-0.44415627620515874,1.3537896908803946,1.4390373989825278,-0.4388512239754654,1.3507012260384839,1.455089107993036,-0.43620921451262706,1.3333172357754197,1.4574747950092393,-0.43620921451262706,1.3179114032154935,1.463414230406622,-0.43620921451262706,1.3188242284728524,1.467354345827066,-0.4415002321470425,1.339592469276817,1.4708872248696272,-0.4548515653219072,1.337803560034093,1.4744076666044723
S03_selected_tokens_0071,209.2,0.158,UW,17,Cyan,71,5158,-0.3673922599933208,0.8930819279255378,1.1668761090620992,-0.3649322341524588,0.9110754929735503,1.2271570399470288,-0.3624782451908919,0.9124462951073289,1.2806978068750592,-0.3600302635522512,0.904193153350608,1.3215577153685132,-0.3551522050988192,0.8768900923036265,1.353349065184788,-0.3551522050988192,0.8451642880240069,1.3734195469252812,-0.3551522050988192,0.8488205992271176,1.4094785967409837,-0.3527220702455267,0.9083282384984113,1.4235458539524188,-0.3600302635522512,1.0133448160617036,1.3990072968736884
S03_selected_tokens_0072,201.7,0.19,UW,17,Cyan,72,5316,-0.3923312083405728,1.212043402136981,1.322012570959708,-0.3923312083405728,1.237602297808568,1.343160715703335,-0.3923312083405728,1.3027282267941027,1.359938151180847,-0.3872934143106157,1.299477701526655,1.3690905358356957,-0.3872934143106157,1.3022645124338341,1.3647427028995924,-0.37978399228848403,1.299012477047457,1.3721228101972152,-0.38478400270518964,1.299012477047457,1.3734195469252812,-0.38478400270518964,1.3124168838978525,1.3820217505079446,-0.4050378596096875,1.3091977502832384,1.4157091464916194
S03_selected_tokens_0073,209.7,0.158,UW,17,Cyan,73,5632,-0.6371731221158612,1.327002374916745,1.5872760462883164,-0.3649322341524588,1.3315170552712718,1.5539396260207248,-0.3502978266340202,1.3068920079658826,1.5175853380668354,-0.3527220702455267,1.2716522798335799,1.4956562929820363,-0.3575882598966995,1.2069543326295094,1.473235562543735,-0.3698583524885146,1.157806961812236,1.4864396378771119,-0.37729333097603224,1.1311966488011178,1.4860537609670565,-0.3748088576483708,1.1328463604757877,1.4933600807216854,-0.38478400270518964,1.1432318050092674,1.4964205268747914
S03_selected_tokens_0074,205.4,0.19,UW,17,Cyan,74,5474,-0.6371731221158612,1.4048847277307566,1.6195369085065376,-0.4153207265652714,1.4094785967409837,1.5813288536676424,-0.41790805013022236,1.403628183062808,1.5607680442872098,-0.39485965469393136,1.4157091464916194,1.5693272976828796,-0.39485965469393136,1.4190163012214727,1.5557411037192361,-0.3898091389078626,1.411143876060045,1.5397755976888412,-0.3748088576483708,1.389700969132309,1.5324334207997614,-0.3649322341524588,1.3721228101972152,1.557179952888335,-0.3649322341524588,1.3418241149251546,1.5855305405213427
S03_selected_tokens_0075,187.3,0.208,UW,17,Cyan,75,5316,-0.5746527651345277,1.0838638701205525,1.4426715640967478,-0.41274007997177975,1.035391024325075,1.4366072641292362,-0.39485965469393136,0.9901680818107659,1.448298588590566,-0.38228087248707165,0.9388080785075443,1.4418651124401372,-0.38228087248707165,0.8669042746604125,1.426417650797907,-0.38478400270518964,0.7863237880010736,1.3939418575918543,-0.3698583524885146,0.7971430589174515,1.374283104837323,-0.3624782451908919,0.904193153350608,1.3964777845637322,-0.3673922599933208,1.061692600219497,1.4107278161414154
S03_selected_tokens_0076,198.2,0.2,UW,17,Cyan,76,5632,-0.5807318112109092,1.5047887765453085,1.6563386746725097,-0.45216699995123744,1.4798593935027835,1.6229084558675542,-0.44415627620515874,1.4798593935027835,1.6083294554861487,-0.4335741668746218,1.4645978959620631,1.6000989563496333,-0.42050208530726874,1.461833827074912,1.586927188793064,-0.4050378596096875,1.4333578705309264,1.5689721209787377,-0.3872934143106157,1.4223125547210698,1.574639865516846,-0.37978399228848403,1.4136366068896473,1.5827313784417285,-0.39485965469393136,1.380307219440704,1.600443249690958
S03_selected_tokens_0077,209.2,0.118,UW,17,Cyan,77,5789,-0.3923312083405728,1.2711739253638035,1.4998523700904869,-0.3723305416339029,1.2605918160332665,1.455089107993036,-0.3698583524885146,1.2033765112816255,1.4486993098942653,-0.3723305416339029,1.1684680435983497,1.4554871179485387,-0.3698583524885146,1.1572709124828622,1.4558849695551395,-0.3698583524885146,1.120128467188506,1.4538941267713685,-0.3649322341524588,1.116783982465658,1.4518993126249358,-0.3575882598966995,1.1229070185732297,1.450700511282566,-0.3551522050988192,1.106118711569973,1.463414230406622
S03_selected_tokens_0078,206.7,0.15,UW,17,Cyan,78,5632,-0.3923312083405728,1.3699578385787001,1.6079878670968322,-0.3872934143106157,1.3794488502892879,1.6011314809638222,-0.38478400270518964,1.377729898426403,1.5931880788097867,-0.38228087248707165,1.3660490388136477,1.5788696920559468,-0.37729333097603224,1.3634346582395764,1.5564607870896294,-0.3624782451908919,1.3559899117899974,1.5470642596935464,-0.3575882598966995,1.3484893251145538,1.5350093191881928,-0.3527220702455267,1.3351141814521217,1.5213180784965195,-0.3698583524885146,1.3045809369118322,1.497947244728592
S03_selected_tokens_0079,204,0.15,UW,17,Cyan,79,5632,-0.6699629449388524,1.3489320968729501,1.5753460802354633,-0.41274007997177975,1.3546703602459882,1.540872289445626,-0.4101660759766075,1.3283589204559965,1.4891366150464371,-0.42050208530726874,1.3068920079658826,1.4586655075928663,-0.40759868047136116,1.2910703656906817,1.461833827074912,-0.3999358077257922,1.207464406601293,1.450700511282566,-0.3698583524885146,1.1372323324190416,1.4610426877931406,-0.3600302635522512,1.1355898464215386,1.4837353673474762,-0.3748088576483708,1.1486548117920714,1.5063027813765233
S03_selected_tokens_0080,206.7,0.158,UW,17,Cyan,80,5789,-0.7004221524235605,1.3964777845637322,1.63661416932473,-0.4283248109884781,1.4292812240371635,1.560409813941269,-0.42310286700732647,1.4325438696719797,1.530589422490042,-0.42310286700732647,1.4202536699089423,1.538677701878652,-0.3999358077257922,1.4333578705309264,1.5194534499495553,-0.38228087248707165,1.444282518935676,1.5190801066560642,-0.3898091389078626,1.4534954821577584,1.540872289445626,-0.38478400270518964,1.4454890342640168,1.5735796074214097,-0.38478400270518964,1.4284638966520644,1.5956123224212924
S03_selected_tokens_0081,203.1,0.178,AE,2,Blue,81,6105,0.06560495150504497,1.4406542142094336,1.6494792651216166,0.23290476660316184,1.4210777325843358,1.5911054678522598,0.27523913042972303,1.4115597629448082,1.5855305405213427,0.3655912077621206,1.3751459176604781,1.5834319038644216,0.450628250448033,1.328810693673529,1.5401412952610283,0.5076658840474817,1.2754709002255797,1.510831091001271,0.5419780290362608,1.1811131014456224,1.5283721266813943,0.5606517903335044,1.1556610382419592,1.5756990006555727,0.5557713511685964,1.1561979510065354,1.5728721436494197
S03_selected_tokens_0082,197.9,0.18,AE,2,Blue,82,6421,-0.40759868047136116,1.5664823455506482,1.7970060041624816,-0.2869706926827469,1.5596929680324356,1.7864870727726352,-0.26227808009237474,1.5553810677117461,1.7618944837593329,-0.20832756536363295,1.5250369373752557,1.7432686681422567,0.016495247470296626,1.4708872248696272,1.623581403403044,0.3796924990027266,1.3712573839207858,1.6202121279785118,0.4858694840591484,1.3087370269394523,1.623917707425047,0.5330093590535006,1.300407501686622,1.5980307032855743,0.5518497775154145,1.2489185317285418,1.5430620713425496
S03_selected_tokens_0083,192.5,0.158,AE,2,Blue,83,5789,0.25693796604731833,1.2620414418005312,1.5949202808711815,0.2791176097582939,1.2581710934761983,1.6042226735334957,0.29193829818735484,1.2366121987177845,1.5907579439564943,0.3208166389260416,1.198757565425331,1.5632720699204006,0.3428493539259243,1.1946338482414687,1.5639863556650555,0.380858679892909,1.1705866884586351,1.611398511603567,0.4016206713413384,1.145946984521486,1.6316216477216106,0.42196035557846034,1.149195498477317,1.5942277600678816,0.39589655725744954,1.100459386901071,1.6507894520106419
S03_selected_tokens_0084,195.4,0.168,AE,2,Blue,84,5789,-0.3723305416339029,1.4107278161414154,1.552857179586331,-0.010717316054588366,1.368222480225632,1.596303885381082,0.17303999116547075,1.2980813782837277,1.5956123224212924,0.28938727639574946,1.2523373384773269,1.6011314809638222,0.3667739400111696,1.1790166646190938,1.6103765391078735,0.39933495606048197,1.0763341502124453,1.6644437603781501,0.4264246487071466,1.0268751577760815,1.6915197893026797,0.38550985106863944,0.9882651316646802,1.683948775220534,0.3440592754286378,0.995855300931356,1.6937172474150035
S03_selected_tokens_0085,197.4,0.148,AE,2,Blue,85,6263,-0.031624000873901714,1.3811648524263767,1.6141186764906337,0.06560495150504497,1.4132215830198183,1.6100356493823975,0.20272414945317063,1.4132215830198183,1.61649276612531,0.29066360075535425,1.4173640910149743,1.613099481566329,0.3750141278966259,1.3828779149438049,1.607304340070904,0.490057971857901,1.3174546779278096,1.6195369085065376,0.5459384302523578,1.2542857073352813,1.5959581636836022,0.5587024719774556,1.1486548117920714,1.6405903177043708,0.466801109693634,1.061102455616946,1.6918340076870386
S03_selected_tokens_0086,196.3,0.18,AE,2,Blue,86,6263,-0.4283248109884781,1.5426974405272063,1.7002807965290074,-0.3973945102971195,1.5557411037192361,1.7157370547657003,-0.3600302635522512,1.5575393419308377,1.7163503635859065,-0.3430601593337901,1.5209454308305705,1.7005922744944613,-0.28924600651988186,1.4645978959620631,1.6775955136979253,0.07830353484217234,1.3738514190978321,1.641912194962286,0.41522632339711674,1.311957641639494,1.6379413095327937,0.44736205266141127,1.1636846169914552,1.620886891836772,0.23695062512270582,1.075170682949147,1.5503269053283635
S03_selected_tokens_0087,196.6,0.17,AE,2,Blue,87,7684,-0.09898339835311454,1.3265497838250635,1.6069624012746155,-0.0038444367668262203,1.3507012260384839,1.6382728195640084,0.018171693797548905,1.3418241149251546,1.615475989220223,0.02817177713213237,1.3279069430471724,1.6175085102451456,0.062404948774374525,1.311957641639494,1.5799243590547443,0.1424476564479109,1.286840042108203,1.5268911934229514,0.2138045952297425,1.244014157013452,1.4518993126249358,0.18018798443075745,1.1251243143818774,1.4119754769395705,0.07356044294615938,1.0878949726135216,1.4910585837334063
S03_selected_tokens_0088,188.1,0.158,AE,2,Blue,88,6105,-0.3454668993643555,1.4693185970970006,1.582380931618447,-0.33826398707029703,1.468533359522299,1.6252617936489013,-0.2938122244994634,1.4848952360257375,1.6504620661835236,-0.18138293012018103,1.4891366150464371,1.6605615167444352,-0.0674701326470375,1.4390373989825278,1.6435620880935282,0.2247636090194618,1.386721609618367,1.6316216477216106,0.3306689353690535,1.3238299272072895,1.6302860882576464,0.40276157277712965,1.245978794187617,1.6161539553478859,0.43197713382193204,1.158342723946669,1.615475989220223
S03_selected_tokens_0089,204,0.148,AE,2,Blue,89,6421,0.40957978100890635,1.369524281233951,1.64553837332174,0.47955367359102485,1.380307219440704,1.6543836398367056,0.5117642504397644,1.3747146043046437,1.6342874273742538,0.5199109350075819,1.3224672197513536,1.6272745417285979,0.5389974008981229,1.2980813782837277,1.6069624012746155,0.5479127645560755,1.2371073708001967,1.5532181252679251,0.5606517903335044,1.139418125639022,1.5112075261647604,0.5625973162389961,1.1273367046648177,1.5557411037192361,0.5168637005521131,1.1049894059728214,1.6631513530900168
S03_selected_tokens_0090,202.1,0.17,AE,2,Blue,90,6263,-0.31696140636642856,1.5503269053283635,1.6937172474150035,-0.22527712367740627,1.5664823455506482,1.6721633226757255,-0.09334958063485832,1.5477902125384961,1.6530781566225752,-0.06929661717307223,1.463414230406622,1.6543836398367056,0.20689371768989595,1.3794488502892879,1.6772767885956252,0.38550985106863944,1.3201919059142186,1.672803937688025,0.47638074655044704,1.2576862449818522,1.6191991277230526,0.45604831791737155,1.1273367046648177,1.6038796791895393,0.019845334355578004,1.045635163323639,1.5802756676829839
S03_selected_tokens_0091,189.8,0.208,AE,2,Blue,91,6579,0.019845334355578004,1.3224672197513536,1.5785178890619926,0.17303999116547075,1.3643068780942622,1.6299519194993142,0.2516469484129029,1.3612507744277274,1.6452092635606643,0.31336318827146137,1.348046357222482,1.6144581774275224,0.35607865089442203,1.3142517467979626,1.609353521115839,0.40844663641173806,1.2572011612954057,1.6329554258453136,0.4527998039615406,1.198243029782387,1.596649487596376,0.4592863131911473,1.1267840658002415,1.5781659622591349,0.4264246487071466,1.1415991515853827,1.6412514747532487
S03_selected_tokens_0092,184.3,0.268,AE,2,Blue,92,6263,-0.4335741668746218,1.5272616323973667,1.727022823476677,-0.43620921451262706,1.5268911934229514,1.728235312258139,-0.32401196436309565,1.5179592397350534,1.6886873719881415,-0.129578518931317,1.4514998718367211,1.6478391138600532,0.23695062512270582,1.3498170526829165,1.6402595751844053,0.42084116128144533,1.2649344042810586,1.6276096062316494,0.4484519710254373,1.164217240173155,1.6618572733235286,0.48376864295033695,1.1284410670078708,1.6772767885956252,0.4614391665522479,1.1486548117920714,1.6820470313827158
S03_selected_tokens_0093,188.3,0.158,AE,2,Blue,93,7053,0.3220534974634379,1.2920080122666455,1.6356176570349916,0.3785249565466886,1.2802237608837208,1.60867092723268,0.43086910046757065,1.2943482894873526,1.6090122824160593,0.4484519710254373,1.2682989832782043,1.5983757093266018,0.4657310186337895,1.216601526007512,1.552857179586331,0.47425985498130974,1.2064439983494877,1.548515638758194,0.47213445566899637,1.177966795756257,1.5707467443371055,0.48481961519631156,1.1878963259937265,1.5858798855030614,0.46787005688253824,1.214071800398374,1.6468537303019168
S03_selected_tokens_0094,189.3,0.21,AE,2,Blue,94,6421,-0.24469520953450807,1.4598548040660502,1.6395977617916184,-0.13542079455554568,1.4610426877931406,1.6621809502967384,-0.014171550922675635,1.4499005112398988,1.6908910561791686,0.19011010693707409,1.4098951766261996,1.6836320689629378,0.31585384958391316,1.3515846183220814,1.6833152623707122,0.4004784667625607,1.275947204116461,1.6785510799435936,0.4657310186337895,1.2155904035755638,1.676639033471968,0.49838268174393274,1.13613764155986,1.6468537303019168,0.49318786486682864,1.095908753337075,1.6484954972114831
S03_selected_tokens_0095,188.6,0.168,AE,2,Blue,95,6105,0.24231976553776402,1.2160960925876036,1.3400391970037013,0.3208166389260416,1.2702165294074756,1.368656602220729,0.37031376671629435,1.3283589204559965,1.469710984781062,0.3935977056703388,1.3188242284728524,1.5335381898312948,0.42864934372925756,1.273085971835429,1.5543001812797232,0.4462709450790765,1.1956663728556585,1.6218981846922178,0.4582081459708016,1.1448617972201989,1.6595885962850083,0.44079747766490485,1.072839679562672,1.7055627724569078,0.43086910046757065,1.0551817752072186,1.7303536365485286
S03_selected_tokens_0096,180.5,0.18,AE,2,Blue,96,5632,-0.3698583524885146,1.2562302874327358,1.3515846183220814,-0.23170801400769747,1.3828779149438049,1.469710984781062,0.02151617852039589,1.4574747950092393,1.5764044680569649,0.14392585331722163,1.4490998706847202,1.618523223675692,0.2661304142314824,1.4353899785254844,1.6202121279785118,0.4061764878771985,1.3400391970037013,1.6181851002574241,0.4731977199903259,1.2346290547857297,1.6103765391078735,0.47638074655044704,1.1278890382883597,1.6175085102451456,0.450628250448033,1.0780768169328763,1.641581889426666
S03_selected_tokens_0097,181.9,0.188,AE,2,Blue,97,6421,-0.08217628003673294,1.320647383034368,1.5928412780433492,-0.07295962493180941,1.328810693673529,1.5938813197387631,0.12152013634195491,1.3673536704403126,1.612759518958942,0.24231976553776402,1.3608134247597024,1.6362821088866806,0.335558920663245,1.3124168838978525,1.6232449862425966,0.39474779205357624,1.2901318391084171,1.6028499897215234,0.42307829867980207,1.1951502438119421,1.576757015213798,0.43197713382193204,1.158342723946669,1.6890024814913005,0.38898408733682555,1.1245704511719277,1.694030776183837
S03_selected_tokens_0098,185.6,0.178,AE,2,Blue,98,6105,-0.38228087248707165,1.4945088459255595,1.6359499381478688,-0.3030076915925637,1.5294813891356798,1.6836320689629378,-0.26006323976282175,1.5313274299036124,1.7098917835464942,-0.14129740304453087,1.5115838196781377,1.7049428096348187,0.062404948774374525,1.4503005912612386,1.6852145981743636,0.25429595658448,1.3673536704403126,1.6579649557269889,0.3901394889673817,1.2830646718853247,1.6779141372468995,0.450628250448033,1.2130581155675273,1.6952839091799046,0.466801109693634,1.1832051524178464,1.6908910561791686
S03_selected_tokens_0099,192.1,0.208,AE,2,Blue,99,6579,0.16439440417261686,1.374283104837323,1.6339545932889727,0.3033380416520828,1.3875737613529333,1.639928723237631,0.3476802811955899,1.380307219440704,1.6556874209861903,0.3866692714883744,1.345828569664528,1.6168314621488697,0.43197713382193204,1.3031917262230266,1.61649276612531,0.4700045294111712,1.2445056782816417,1.588321889158613,0.49214565528838516,1.1972131635739567,1.5855305405213427,0.5035506519023754,1.2115356590440722,1.5858798855030614,0.4952690310706531,1.2110276580171453,1.5959581636836022
S03_selected_tokens_0100,183.9,0.2,AE,2,Blue,100,6421,-0.3193060733256825,1.5539396260207248,1.7342758017816937,-0.23386086736879808,1.5456107710655633,1.7261124911425316,-0.1631453425704006,1.5224351890204382,1.6968481203544652,0.049501543938466064,1.4490998706847202,1.6686325855782265,0.2516469484129029,1.374283104837323,1.6553616350246827,0.4004784667625607,1.3128759153495668,1.6491514500064035,0.4571288150511261,1.2341326536834538,1.6382728195640084,0.4689378626433687,1.1915298623038781,1.6339545932889727,0.466801109693634,1.198757565425331,1.6279445585040815
S03_selected_tokens_0101,184.4,0.218,AE,2,Blue,101,6421,0.46465978125229057,1.148113832606576,1.5470642596935464,0.4582081459708016,1.0964787163049126,1.5187066239252989,0.4963079922030724,1.0976176685920436,1.5025134627081727,0.5178804774571999,1.119571829267092,1.5499649143741845,0.5399919310646313,1.1223519255809027,1.5764044680569649,0.5713056441307804,1.080395658551625,1.5841319388947595,0.583751951281898,1.0780768169328763,1.6042226735334957,0.5399919310646313,1.0528036528022513,1.6059358827926875,0.46787005688253824,1.0628718456391733,1.6137790602537132
S03_selected_tokens_0102,176.4,0.218,AE,2,Blue,102,5947,0.41409956271452586,0.9888998508227713,1.5503269053283635,0.42196035557846034,0.9644927304705355,1.5629147356303728,0.4603633192187848,0.9533778726642392,1.5788696920559468,0.48901249345634756,0.9219896531542284,1.603193337364381,0.4942289893752392,0.9055734158195667,1.6137790602537132,0.5086920514027939,0.9158651018561139,1.6252617936489013,0.5025191922957131,0.9076402439752291,1.6195369085065376,0.47955367359102485,0.909702809161578,1.5924943569644139,0.40957978100890635,0.9520620830007198,1.6255975331182286
S03_selected_tokens_0103,178.6,0.228,AE,2,Blue,103,6579,0.42307829867980207,1.2415529202307614,1.5827313784417285,0.4527998039615406,1.1920478628334612,1.5682613888948032,0.4592863131911473,1.1610172374424836,1.546337779458181,0.48691825185323356,1.1518945554464821,1.5553810677117461,0.4994184146174643,1.1432318050092674,1.582380931618447,0.5097171668180387,1.1234618036082642,1.5834319038644216,0.5086920514027939,1.089043737817395,1.5643433073018986,0.5025191922957131,1.1010267628028165,1.5679058333355025,0.4571288150511261,1.1689981257734967,1.5931880788097867
S03_selected_tokens_0104,175.7,0.228,AE,2,Blue,104,6579,0.40844663641173806,1.0033882932389009,1.6178468624730389,0.4429904609999147,0.9520620830007198,1.6514439022957816,0.466801109693634,0.9274023862609786,1.6801416640231697,0.48901249345634756,0.9274023862609786,1.6977854739616074,0.4942289893752392,0.9021191809514795,1.7071110000459324,0.4963079922030724,0.888883181379188,1.7083478585833287,0.4963079922030724,0.9103893866001513,1.6756816375156411,0.4689378626433687,0.9461195102139168,1.6262686740830183,0.4107116430425899,1.0372064559885832,1.6158150297388119
S03_selected_tokens_0105,196.3,0.178,AE,2,Blue,105,6105,0.5577263860043997,1.0699182635205373,1.4833484453074393,0.5249691147349349,1.0551817752072186,1.4798593935027835,0.5289973175635394,1.071672137106634,1.4642034964302297,0.5380018806566209,1.0462345040667813,1.4941260708012685,0.5370053683668825,1.0414296900182416,1.4975657837283531,0.535009359720167,1.0504198614469749,1.5032724760273446,0.5310053503667849,1.0262640975676387,1.5051674927020793,0.5229489120276591,1.0792369098704064,1.5379451011132854,0.5035506519023754,1.0861693466460514,1.5990653645263508
S03_selected_tokens_0106,191.9,0.188,AE,2,Blue,106,6105,0.48901249345634756,0.9388080785075443,1.5742865710422302,0.4858694840591484,0.8902847233044762,1.5858798855030614,0.48166337901487477,0.9062628332891345,1.5945740804176634,0.49214565528838516,0.9062628332891345,1.596649487596376,0.4963079922030724,0.9048835227256289,1.6249259414207229,0.5097171668180387,0.9069517757896879,1.6342874273742538,0.5086920514027939,0.9151822749262033,1.6302860882576464,0.4973458750154922,0.9696808095523135,1.5969949704120419,0.4700045294111712,1.0575542555608495,1.5693272976828796
S03_selected_tokens_0107,190.2,0.2,AE,2,Blue,107,6737,0.4527998039615406,1.2644528246907258,1.5760517965667988,0.49318786486682864,1.226156539613445,1.5668384075091906,0.490057971857901,1.186335045426774,1.545247068570192,0.4963079922030724,1.1377792287958126,1.522807282047987,0.510741232447729,1.1089364085595976,1.5506887652925068,0.5209246198384285,1.0669882877942074,1.565769841067353,0.5310053503667849,1.0646381104492537,1.5799243590547443,0.5178804774571999,1.0976176685920436,1.588321889158613,0.4973458750154922,1.1454045380747697,1.6042226735334957
S03_selected_tokens_0108,199.2,0.22,AE,2,Blue,108,6105,0.3866692714883744,1.0593299293035265,1.5872760462883164,0.49214565528838516,0.9657922758126212,1.5239227311318526,0.5035506519023754,0.9185917565788237,1.538677701878652,0.5097171668180387,0.8582649120697052,1.5456107710655633,0.527991787061521,0.8853707085020472,1.5611261463501238,0.5380018806566209,0.8531905988982356,1.5781659622591349,0.5370053683668825,0.8740471621727925,1.5788696920559468,0.512786222935457,0.9394749674952481,1.5703920715190591,0.38550985106863944,1.007133615969063,1.562557273606906
S03_selected_tokens_0109,184.5,0.2,AE,2,Blue,109,6421,0.2726450952526758,1.2668584067985806,1.5524961035759084,0.40276157277712965,1.2069543326295094,1.4952739569039695,0.4253104424637426,1.1561979510065354,1.5055460654872173,0.4571288150511261,1.0896176259249675,1.4817992583206099,0.47849714945682464,0.995855300931356,1.508946786693972,0.5014866676815233,0.9850854787473002,1.5119599716479666,0.5076658840474817,1.0102440383834557,1.5097009345426864,0.5056103848653857,1.0176698150803052,1.5324334207997614,0.5076658840474817,1.0658138895382665,1.5774617368779182
S03_selected_tokens_0110,184.9,0.2,AE,2,Blue,110,5632,0.36913521619684975,1.1162254792397475,1.507058925079848,0.4264246487071466,1.051612467432098,1.4704952985467576,0.4517146166602535,0.9461195102139168,1.4929768655416753,0.4973458750154922,0.9226678491788665,1.5164627935149078,0.5056103848653857,0.9124462951073289,1.5287420175678017,0.5229489120276591,0.9131309921556463,1.5553810677117461,0.5097171668180387,0.9408074127290265,1.5837819826357196,0.5178804774571999,0.9638423239435427,1.5778139115601988,0.48901249345634756,0.9996288903149955,1.5632720699204006
S03_selected_tokens_0111,195.2,0.178,AE,2,Blue,111,6105,0.4582081459708016,1.161551282849035,1.5423326767077326,0.5035506519023754,1.1415991515853827,1.5194534499495553,0.5045810486962718,1.0936256473225061,1.5032724760273446,0.5158458887594124,1.058738388322066,1.5149641045869613,0.5320078567164108,1.0539934209378403,1.5175853380668354,0.5459384302523578,1.064049702076879,1.5342740250374174,0.549883208543374,1.0734229400049866,1.5448832337471865,0.527991787061521,1.0786570316285848,1.5405068591473876,0.4700045294111712,1.07108785429714,1.5437909343485776
S03_selected_tokens_0112,193.6,0.19,AE,2,Blue,112,5947,0.5409854731235093,1.0492258314543674,1.560051455220358,0.490057971857901,0.9838107813152996,1.5550209020316421,0.48901249345634756,0.965142714243826,1.567194342732738,0.4827165649995333,0.9514035383605215,1.5728721436494197,0.48376864295033695,0.8867771784947989,1.574993035218557,0.48691825185323356,0.8184366391181923,1.5900625336363978,0.48376864295033695,0.7730267598575837,1.60867092723268,0.4942289893752392,0.8214419005836557,1.6059358827926875,0.48901249345634756,0.9000408982498413,1.561484120221854
S03_selected_tokens_0113,186.7,0.188,AE,2,Blue,113,6105,0.380858679892909,1.1162254792397475,1.5149641045869613,0.4275376148765666,1.0878949726135216,1.487210945281336,0.4625138576820138,1.0763341502124453,1.476747761276087,0.49838268174393274,1.060511962538082,1.4910585837334063,0.512786222935457,0.9461195102139168,1.5051674927020793,0.5066386625909516,0.9021191809514795,1.5097009345426864,0.4963079922030724,0.995855300931356,1.5456107710655633,0.510741232447729,1.0293156714950378,1.5488781546222326,0.48060908265996805,1.058738388322066,1.5578986018592573
S03_selected_tokens_0114,186.3,0.178,AE,2,Blue,114,6105,0.41409956271452586,0.9850854787473002,1.5119599716479666,0.43639703052008283,0.9553483166515386,1.5047887765453085,0.47213445566899637,0.8895841978817831,1.5316962294652328,0.48901249345634756,0.8582649120697052,1.5732259380985374,0.5014866676815233,0.8740471621727925,1.5721641790180794,0.5086920514027939,0.8853707085020472,1.5893666393842363,0.5004530758582408,0.8993471764044685,1.5980307032855743,0.4963079922030724,0.9294246316417469,1.574993035218557,0.48901249345634756,0.9533778726642392,1.5711012914069427
S03_selected_tokens_0115,192.8,0.158,AE,2,Blue,115,6105,0.4050394780901234,1.299477701526655,1.5756990006555727,0.45496665204663067,1.2371073708001967,1.5629147356303728,0.4603633192187848,1.186335045426774,1.4948914745891138,0.4774395078986897,1.142687883320579,1.4716706169974314,0.48901249345634756,1.066401261067635,1.4964205268747914,0.5188962215770356,1.0557754231914087,1.5168371150614828,0.525977687689819,1.0262640975676387,1.523179236673811,0.5199109350075819,0.9933316402859589,1.540872289445626,0.38550985106863944,0.9901680818107659,1.5481529914287435
S03_selected_tokens_0116,182.5,0.178,AE,2,Blue,116,6105,0.08615903478248121,1.1721727316142694,1.5496027923351008,0.3714909298893092,1.0850172727859064,1.472453395902372,0.4538838149077984,1.0280961591487765,1.472453395902372,0.5025191922957131,0.9683863109896684,1.5074367826320483,0.5086920514027939,0.9494252983484159,1.5368451926614242,0.5209246198384285,0.9117611289277319,1.5499649143741845,0.5117642504397644,0.9083282384984113,1.5827313784417285,0.48901249345634756,0.9185917565788237,1.5834319038644216,0.43749895900624036,0.9110754929735503,1.5778139115601988
S03_selected_tokens_0117,192.6,0.12,AE,2,Blue,117,5632,0.45496665204663067,1.141054340893617,1.5426974405272063,0.4942289893752392,1.0861693466460514,1.5235510530008316,0.48376864295033695,1.072839679562672,1.5265206171726478,0.49214565528838516,1.0498230246641134,1.5235510530008316,0.5035506519023754,1.0384149153501516,1.5448832337471865,0.5004530758582408,1.0262640975676387,1.5682613888948032,0.5014866676815233,1.01148550347152,1.574639865516846,0.5117642504397644,1.0195176751687844,1.5879733963863112,0.5056103848653857,1.0027627067311666,1.5756990006555727
S03_selected_tokens_0118,184.9,0.138,AE,2,Blue,118,5632,0.4994184146174643,0.9793365009203789,1.5711012914069427,0.45496665204663067,0.9533778726642392,1.5753460802354633,0.4517146166602535,0.9179107895794072,1.5517735601918723,0.4952690310706531,0.9028109831236568,1.5700372728635719,0.4942289893752392,0.8704820960082964,1.5879733963863112,0.47849714945682464,0.8560933585561967,1.6110579701393526,0.4538838149077984,0.8422295830564126,1.6342874273742538,0.4635873950905376,0.8867771784947989,1.6511167306913581,0.4657310186337895,0.9083282384984113,1.6259331599043971
S03_selected_tokens_0119,192.9,0.138,AE,2,Blue,119,5474,0.43086910046757065,1.161551282849035,1.5025134627081727,0.4657310186337895,1.157806961812236,1.5257790524371444,0.47213445566899637,1.1572709124828622,1.5055460654872173,0.48481961519631156,1.1134282746186859,1.5201997186409058,0.49110235837580696,1.075170682949147,1.5257790524371444,0.5066386625909516,1.0867448862302842,1.5220629574881297,0.5168637005521131,1.076915376616486,1.5342740250374174,0.525977687689819,1.0693329547534622,1.5586167347446978,0.5148270399703101,1.0786570316285848,1.5639863556650555
S03_selected_tokens_0120,189.8,0.128,AE,2,Blue,120,5789,0.4275376148765666,0.9964852222120273,1.4015304268918092,0.4657310186337895,1.0108649635819207,1.4378230697501264,0.4710700596132096,0.9520620830007198,1.4693185970970006,0.4827165649995333,0.8916843036588995,1.488366792067695,0.4942289893752392,0.8480904056933953,1.5145890811436002,0.4942289893752392,0.8853707085020472,1.5261499035446766,0.4827165649995333,0.909702809161578,1.5209454308305705,0.4827165649995333,0.9280769225428784,1.5115838196781377,0.47638074655044704,0.9599309760626307,1.5254080637480438
